run,name,dataset,total,init,find_core_points,compute_cluster_cores,assign_border_points,remove_noise_points,create_clusters,r,eps
0,BoxGraph,e1 r0.025,0.1634122859977651,0.0166038329989532,0.0107530969980871,0.1207441840015235,0.0010892529971897,,,0.025,1
1,BoxGraph,e1 r0.025,0.1581381979995058,0.0179541339966817,0.0110255890031112,0.1153860530030215,0.0006627990005654,,,0.025,1
2,BoxGraph,e1 r0.025,0.1505392640028731,0.0151611760011292,0.0101187929976731,0.1117922039993573,0.0005853319962625,,,0.025,1
3,BoxGraph,e1 r0.025,0.1567441959996358,0.0166757539991522,0.0106315980010549,0.1157252599950879,0.0006639630009885,,,0.025,1
4,BoxGraph,e1 r0.025,0.1567838140035746,0.0171044560047448,0.0109703979978803,0.1150320489978184,0.0006813669970142,,,0.025,1
0,BoxGraph,e0.6 r0.1,0.1325605330057442,0.0181548390028183,0.0112819770001806,0.0885339379965444,0.0010580000016489,,,0.1,0.6
1,BoxGraph,e0.6 r0.1,0.1353603079987806,0.0187917030052631,0.011694428998453,0.0907615219985018,0.0010066590039059,,,0.1,0.6
2,BoxGraph,e0.6 r0.1,0.1370627259966568,0.0230528130050515,0.0117126000041025,0.0881948429960175,0.001009334999253,,,0.1,0.6
3,BoxGraph,e0.6 r0.1,0.1330620819935575,0.0187597159965662,0.0113867879990721,0.088627571996767,0.0009732879989314,,,0.1,0.6
4,BoxGraph,e0.6 r0.1,0.132994564002729,0.0183999500004574,0.011105771001894,0.0892396679992089,0.0009820609993766,,,0.1,0.6
0,BoxGraph,e0.2 r0.1,0.0981760439972276,0.0259864330000709,0.0323490540031343,0.0233010509982705,0.0025889949974953,,,0.1,0.2
1,BoxGraph,e0.2 r0.1,0.099885137999081,0.0265991349951946,0.0332166790030896,0.0233938800010946,0.002378930003033,,,0.1,0.2
2,BoxGraph,e0.2 r0.1,0.1000058349964092,0.0269586310023441,0.0329385969962459,0.0236143840011209,0.0024263899977086,,,0.1,0.2
3,BoxGraph,e0.2 r0.1,0.113647216996469,0.0387155749995145,0.0334437830024398,0.0241468820022419,0.0027064719979534,,,0.1,0.2
4,BoxGraph,e0.2 r0.1,0.0987781589938094,0.0264617360007832,0.0332127479996415,0.0230179420032072,0.0024734789985814,,,0.1,0.2
0,BoxGraph,e0.8 r0.025,0.1331910360022448,0.0164404349998221,0.0107154670040472,0.0910858959978213,0.0009037459967657,,,0.025,0.8
1,BoxGraph,e0.8 r0.025,0.1368458759970963,0.0181063030031509,0.0108552099991356,0.0929126140035805,0.0008424320039921,,,0.025,0.8
2,BoxGraph,e0.8 r0.025,0.1321866369980853,0.0171563000039896,0.0104961820034077,0.0901226600035443,0.0008341210050275,,,0.025,0.8
3,BoxGraph,e0.8 r0.025,0.1309010139957536,0.0168928419952862,0.0106041100007132,0.089264105001348,0.0007825940047041,,,0.025,0.8
4,BoxGraph,e0.8 r0.025,0.1312056550013949,0.0165342339969356,0.0102945760008879,0.0900095670003793,0.0008368089984287,,,0.025,0.8
0,BoxGraph,e0.4 r0.025,0.1211506979961996,0.0209396330028539,0.0152937990060308,0.0698618670066935,0.0012697450001724,,,0.025,0.4
1,BoxGraph,e0.4 r0.025,0.1268079170040437,0.0303025370012619,0.0154710200004046,0.0664720589993521,0.001217805998749,,,0.025,0.4
2,BoxGraph,e0.4 r0.025,0.118411607996677,0.0198857269933796,0.0155022179969819,0.0681288639971171,0.0011713990024873,,,0.025,0.4
3,BoxGraph,e0.4 r0.025,0.1183117589971516,0.0207887300057336,0.0153726529970299,0.0677158039979985,0.0012114909986848,,,0.025,0.4
4,BoxGraph,e0.4 r0.025,0.1205093880053027,0.0216161900025326,0.0159813499994925,0.0680437619957956,0.0012403989967424,,,0.025,0.4
0,BoxGraph,e1 r0.1,0.1326741150041925,0.017208990000654,0.0098917360010091,0.0910494400013703,0.0009897269992507,,,0.1,1
1,BoxGraph,e1 r0.1,0.1323613220010884,0.0169374940014677,0.0099677780017373,0.091132950001338,0.000987437000731,,,0.1,1
2,BoxGraph,e1 r0.1,0.1325058670045109,0.0171038439948461,0.0099555729975691,0.091054211006849,0.0010247500031255,,,0.1,1
3,BoxGraph,e1 r0.1,0.1324897599988617,0.0172052850030013,0.0099682709987973,0.0908870200000819,0.0010046239985967,,,0.1,1
4,BoxGraph,e1 r0.1,0.1315192760011996,0.0168539939986658,0.0098947360020247,0.0903963059972738,0.0009362690034322,,,0.1,1
0,BoxGraph,e1.5 r0.025,0.1112672630042652,0.0179294080007821,0.0078799420007271,0.0715984769994975,0.0005130720019224,,,0.025,1.5
1,BoxGraph,e1.5 r0.025,0.1059675979995518,0.0143172099997173,0.0078408510016743,0.070089831999212,0.0005844309998792,,,0.025,1.5
2,BoxGraph,e1.5 r0.025,0.1073860830001649,0.0139698480052175,0.0079619500029366,0.0716100499994354,0.0006375790035235,,,0.025,1.5
3,BoxGraph,e1.5 r0.025,0.1074514540014206,0.0147361160052241,0.0081561100014369,0.0703744249985902,0.0007273340015672,,,0.025,1.5
4,BoxGraph,e1.5 r0.025,0.1063607239993871,0.0143346900003962,0.0083790790013154,0.0699387030035723,0.0005735930026276,,,0.025,1.5
0,BoxGraph,e2 r0.025,0.0797225310016074,0.0140665100043406,0.0128453500001342,0.0389121269981842,0.000609112001257,,,0.025,2
1,BoxGraph,e2 r0.025,0.0802104099930147,0.0142202539936988,0.0128655890002846,0.0391687820010702,0.0006005890027154,,,0.025,2
2,BoxGraph,e2 r0.025,0.0809259509987896,0.0142634919975535,0.0130522920007933,0.0395875620015431,0.0005665860007866,,,0.025,2
3,BoxGraph,e2 r0.025,0.0802473580042715,0.0141251380046014,0.0133116759971017,0.0389710279996506,0.0005566920008277,,,0.025,2
4,BoxGraph,e2 r0.025,0.0803705469952547,0.0140398960065795,0.0127312869954039,0.0391391619996284,0.0005622039971058,,,0.025,2
0,BoxGraph,e0.8 r0.1,0.1369093649991555,0.0199535220017423,0.0098188339979969,0.0925145759974839,0.0011385600009816,,,0.1,0.8
1,BoxGraph,e0.8 r0.1,0.1325236789998598,0.0159513680046075,0.0097153280003112,0.0921471359979477,0.0010845439974218,,,0.1,0.8
2,BoxGraph,e0.8 r0.1,0.1330100539998966,0.0173277499998221,0.009338616997411,0.0918210210002143,0.001190866001707,,,0.1,0.8
3,BoxGraph,e0.8 r0.1,0.1319878530048299,0.0173695570047129,0.0095616539983893,0.0905925670012948,0.0011056469957111,,,0.1,0.8
4,BoxGraph,e0.8 r0.1,0.134041919001902,0.0175104439986171,0.0095905320049496,0.0923925430033705,0.0011469879973446,,,0.1,0.8
0,BoxGraph,e0.2 r0.4,0.0756616840008064,0.0267176970010041,0.0201515040025697,0.0119592760020168,0.0028436310021788,,,0.4,0.2
1,BoxGraph,e0.2 r0.4,0.0911548529984429,0.0404010729980655,0.0212678329990012,0.0122720819999813,0.0029387809991021,,,0.4,0.2
2,BoxGraph,e0.2 r0.4,0.0774968099940451,0.0280281840023235,0.0204815739998593,0.0120839649971458,0.0029042189999017,,,0.4,0.2
3,BoxGraph,e0.2 r0.4,0.0788301729990053,0.0287018029994214,0.0206038040050771,0.0122989390001748,0.0030584429987357,,,0.4,0.2
4,BoxGraph,e0.2 r0.4,0.0781232959998305,0.0282066939980722,0.0206690210034139,0.0123632570030167,0.0028788440031348,,,0.4,0.2
0,BoxGraph,e2 r0.4,0.11063423500309,0.0152640089945634,0.0045079759947839,0.0774170660006348,0.000291850999929,,,0.4,2
1,BoxGraph,e2 r0.4,0.1116907549949246,0.0160663179995026,0.0045145010008127,0.0775635370009695,0.000306112000544,,,0.4,2
2,BoxGraph,e2 r0.4,0.1125824510017992,0.0164109859979362,0.0045970560022396,0.077944889999344,0.000289846000669,,,0.4,2
3,BoxGraph,e2 r0.4,0.126079697998648,0.030792591998761,0.0043133849976584,0.0776238670005113,0.0002607150017865,,,0.4,2
4,BoxGraph,e2 r0.4,0.1090132889949018,0.0142493009989266,0.0043732490012189,0.0773433330032276,0.000253573001828,,,0.4,2
0,BoxGraph,e2 r0.1,0.0977545070054475,0.0143501190032111,0.0163085759995738,0.0539737250001053,0.0002765559984254,,,0.1,2
1,BoxGraph,e2 r0.1,0.0981794020044617,0.014291253995907,0.0167722690021037,0.0540631530020618,0.0002938039979198,,,0.1,2
2,BoxGraph,e2 r0.1,0.097406166998553,0.0143049750040518,0.0166580180011806,0.0533573540014913,0.0002687339947442,,,0.1,2
3,BoxGraph,e2 r0.1,0.0980173599964473,0.0142469300044467,0.0165500520015484,0.0541054179993807,0.0002901359985116,,,0.1,2
4,BoxGraph,e2 r0.1,0.0970848169963574,0.0141783759972895,0.0162653969964594,0.0535817650015815,0.0002731829954427,,,0.1,2
0,BoxGraph,e0.6 r0.025,0.1354648230044404,0.0171090910007478,0.010783096004161,0.0936370869967504,0.0008561069989809,,,0.025,0.6
1,BoxGraph,e0.6 r0.025,0.1371081239994964,0.0172947399987606,0.0111079009948298,0.0942117469967342,0.0009211829965352,,,0.025,0.6
2,BoxGraph,e0.6 r0.025,0.1398228779944474,0.0223610139946686,0.0112857260028249,0.0921848220023093,0.0008309520053444,,,0.025,0.6
3,BoxGraph,e0.6 r0.025,0.1336083080022945,0.0177521519945003,0.011030818997824,0.0909066349995555,0.000801409005362,,,0.025,0.6
4,BoxGraph,e0.6 r0.025,0.135557510999206,0.016496371004905,0.0108653630013577,0.0940320869995048,0.0008351770011358,,,0.025,0.6
0,BoxGraph,e1.5 r0.1,0.1148978480050573,0.0157591680035693,0.0172260730032576,0.0676694319990929,0.0007038549956632,,,0.1,1.5
1,BoxGraph,e1.5 r0.1,0.1155693350010551,0.0157821759930811,0.0180635090000578,0.0680043760003172,0.0006639659986831,,,0.1,1.5
2,BoxGraph,e1.5 r0.1,0.1144095830022706,0.0150692989991512,0.0170036900017294,0.0673987960035447,0.000702839999576,,,0.1,1.5
3,BoxGraph,e1.5 r0.1,0.1141624800002318,0.0149224639972089,0.0168713730017771,0.0682101550046354,0.0007308210042538,,,0.1,1.5
4,BoxGraph,e1.5 r0.1,0.112859988999844,0.0154329779979889,0.0167902480025077,0.067030338999757,0.0006870270008221,,,0.1,1.5
0,BoxGraph,e0.4 r0.4,0.0992566990025807,0.0291246179986046,0.0205228720005834,0.0334038880027947,0.0027039519991376,,,0.4,0.4
1,BoxGraph,e0.4 r0.4,0.0953536169981816,0.0238813760006451,0.0207606300027691,0.0343218960042577,0.0027484450038173,,,0.4,0.4
2,BoxGraph,e0.4 r0.4,0.0940375129939639,0.023725334998744,0.0203192260014475,0.0338680459972238,0.0027314390026731,,,0.4,0.4
3,BoxGraph,e0.4 r0.4,0.0958569020003778,0.0251838379990658,0.0204591459987568,0.0338624529977096,0.0027135150012327,,,0.4,0.4
4,BoxGraph,e0.4 r0.4,0.0964539580018026,0.025331090997497,0.0205449830027646,0.0341118520009331,0.0027472079964354,,,0.4,0.4
0,BoxGraph,e0.4 r0.1,0.1189077419985551,0.0226183190025039,0.0174864279979374,0.0637595570005942,0.0014066840012674,,,0.1,0.4
1,BoxGraph,e0.4 r0.1,0.1183418059954419,0.0216301839973311,0.0173028239951236,0.0643239880009787,0.0014613020030083,,,0.1,0.4
2,BoxGraph,e0.4 r0.1,0.1311430630012182,0.0344278319971635,0.0175570540013723,0.0644536830004653,0.0012852989966631,,,0.1,0.4
3,BoxGraph,e0.4 r0.1,0.1192133129952708,0.0211248240011627,0.0177108150019194,0.0649722750022192,0.0013913619986851,,,0.1,0.4
4,BoxGraph,e0.4 r0.1,0.1211860140028875,0.023176255999715,0.0176992829947266,0.0650732509966474,0.0013544770044973,,,0.1,0.4
0,BoxGraph,e0.8 r0.4,0.119633235000947,0.0207876499989652,0.0209525309983291,0.0632380420065601,0.001151889002358,,,0.4,0.8
1,BoxGraph,e0.8 r0.4,0.1202305140031967,0.021976103002089,0.0203014779981458,0.0632720470021013,0.0012028549972455,,,0.4,0.8
2,BoxGraph,e0.8 r0.4,0.116393609001534,0.0190798199982964,0.0201661769970087,0.0630597240015049,0.0010383180051576,,,0.4,0.8
3,BoxGraph,e0.8 r0.4,0.1171721139980945,0.0206039139957283,0.0201778049959102,0.0624583269964205,0.000976178998826,,,0.4,0.8
4,BoxGraph,e0.8 r0.4,0.1285402220019023,0.0301638660021126,0.0200071110011776,0.0643688349955482,0.0010387260044808,,,0.4,0.8
0,BoxGraph,e1.5 r0.4,0.1275166720006382,0.016418531005911,0.0142867020040284,0.0835191529986332,0.0002740319978329,,,0.4,1.5
1,BoxGraph,e1.5 r0.4,0.1313390260038431,0.0178620660008164,0.0150734869966981,0.0852696250003646,0.0002785390024655,,,0.4,1.5
2,BoxGraph,e1.5 r0.4,0.1310647860009339,0.0165977939977892,0.0146753239969257,0.0865229100018041,0.0002857279978343,,,0.4,1.5
3,BoxGraph,e1.5 r0.4,0.1302442330052144,0.016827732004458,0.0152358969935448,0.0848103289972641,0.0003096950022154,,,0.4,1.5
4,BoxGraph,e1.5 r0.4,0.1268567500010249,0.0164931630060891,0.0144666390042402,0.082714345997374,0.0002826030031428,,,0.4,1.5
0,BoxGraph,e1 r0.4,0.1231374280032469,0.0185676740002236,0.0200198430029558,0.0709549899984267,0.0004739720025099,,,0.4,1
1,BoxGraph,e1 r0.4,0.1217608079969068,0.0173392849974334,0.019832234000205,0.0712949750013649,0.0004948019995936,,,0.4,1
2,BoxGraph,e1 r0.4,0.1238469849995453,0.0183134890030487,0.0201087200039182,0.0714604040040285,0.0006797469977755,,,0.4,1
3,BoxGraph,e1 r0.4,0.1270469630035222,0.0220465540041914,0.0201299030013615,0.071039190996089,0.0007979579968377,,,0.4,1
4,BoxGraph,e1 r0.4,0.1243635700011509,0.017231003002962,0.0203935120007372,0.073377447995881,0.000528270000359,,,0.4,1
0,BoxGraph,e0.2 r0.025,0.1028410460057784,0.0253318309987662,0.0339250659962999,0.027199764001125,0.0023449240034096,,,0.025,0.2
1,BoxGraph,e0.2 r0.025,0.1014091389952227,0.0260260729992296,0.0331675470006302,0.0263840469997376,0.0022773249947931,,,0.025,0.2
2,BoxGraph,e0.2 r0.025,0.1022140799977933,0.0265566770031,0.0328880640008719,0.0265888139983871,0.0023898509971331,,,0.025,0.2
3,BoxGraph,e0.2 r0.025,0.1039809310022974,0.0277369059986085,0.0333109499988495,0.0265057849974255,0.0024364230048377,,,0.025,0.2
4,BoxGraph,e0.2 r0.025,0.1133917850020225,0.0372295809938805,0.0336995429970556,0.0266341300011845,0.0022826120039098,,,0.025,0.2
0,BoxGraph,e0.6 r0.4,0.1179647149983793,0.022635581997747,0.0188608129974454,0.0593971670023165,0.0025478780007688,,,0.4,0.6
1,BoxGraph,e0.6 r0.4,0.1158755910000763,0.0218033500059391,0.0189261630002874,0.0590737309976248,0.0022759139974368,,,0.4,0.6
2,BoxGraph,e0.6 r0.4,0.1172743249990162,0.0232769630019902,0.018998929997906,0.0592533399976673,0.0023975799995241,,,0.4,0.6
3,BoxGraph,e0.6 r0.4,0.1161477229979937,0.0218397060016286,0.0188609329998143,0.0593049070012057,0.0023939859966048,,,0.4,0.6
4,BoxGraph,e0.6 r0.4,0.1193665230020997,0.0253524630024912,0.0191691269938019,0.0587574040036997,0.0023535920045105,,,0.4,0.6
0,QuadTree,e1 r0.025,11.16696492600022,0.0784438880000379,10.905866293003784,,,0.0010826970028574,0.1594993629987584,0.025,1
1,QuadTree,e1 r0.025,11.151524986002189,0.0631144649960333,10.90866163699684,,,0.0010835760040208,0.1575868170039029,0.025,1
2,QuadTree,e1 r0.025,11.101539142997352,0.0593766079982742,10.849653039003895,,,0.0010730010035331,0.1568121699965559,0.025,1
3,QuadTree,e1 r0.025,11.185626318001596,0.0784270759977516,10.927222131002054,,,0.0011679320014081,0.1570874669996556,0.025,1
4,QuadTree,e1 r0.025,11.19134495199978,0.0646854639999219,10.945731571002398,,,0.0012716709970845,0.1577920930067193,0.025,1
0,QuadTree,e0.6 r0.1,6.87662704000104,0.0900178049996611,6.593914083001437,,,0.0039670930054853,0.1669676989986328,0.1,0.6
1,QuadTree,e0.6 r0.1,6.833646959006728,0.0646095949996379,6.576603263994912,,,0.0037083479983266,0.1669868210010463,0.1,0.6
2,QuadTree,e0.6 r0.1,6.8505375439999625,0.0877787270001135,6.571071575002861,,,0.0039212570045492,0.1661387250060215,0.1,0.6
3,QuadTree,e0.6 r0.1,6.802284322999185,0.0628206039982615,6.549021006998373,,,0.0037518059980357,0.1653208779971464,0.1,0.6
4,QuadTree,e0.6 r0.1,6.734797006000008,0.0605395390011835,6.466690501998528,,,0.0035704289985005,0.1654198530013673,0.1,0.6
0,QuadTree,e0.2 r0.1,2.6888440569964587,0.0754628959984984,2.4100424479984213,,,0.0110176949965534,0.1709074210011749,0.1,0.2
1,QuadTree,e0.2 r0.1,2.678687487001298,0.0638413900014711,2.410246425999503,,,0.0117393489999813,0.1711477229982847,0.1,0.2
2,QuadTree,e0.2 r0.1,2.6911603850021493,0.0870692879980197,2.396912994001468,,,0.0117413260013563,0.1735632089985301,0.1,0.2
3,QuadTree,e0.2 r0.1,2.655396928996197,0.0629463139994186,2.386979514005361,,,0.0112697180011309,0.1713054799984092,0.1,0.2
4,QuadTree,e0.2 r0.1,2.683751939999638,0.0849714830037555,2.3951092610004707,,,0.010981397004798,0.1708606040047016,0.1,0.2
0,QuadTree,e0.8 r0.025,15.108008098999562,0.0646152540066395,14.604389899002854,,,0.0014598989946534,0.4160292939995997,0.025,0.8
1,QuadTree,e0.8 r0.025,19.28754387100344,0.079506020003464,18.890981602002284,,,0.0014453219991992,0.2939068609994137,0.025,0.8
2,QuadTree,e0.8 r0.025,19.230899242000305,0.205357668994111,18.58505419799621,,,0.0013852420015609,0.4168345010039047,0.025,0.8
3,QuadTree,e0.8 r0.025,19.031672031997005,0.0639159009951981,18.65391362200171,,,0.0014022649993421,0.2905409390004934,0.025,0.8
4,QuadTree,e0.8 r0.025,19.24595533899992,0.2128655080014141,18.717284703001496,,,0.0014985920061008,0.2921879950008588,0.025,0.8
0,QuadTree,e0.4 r0.025,10.44266398900072,0.1903729810001095,9.800057477004884,,,0.0026951920008286,0.4279416720019071,0.025,0.4
1,QuadTree,e0.4 r0.025,10.348982985997282,0.0897350679952069,9.93326059899846,,,0.0028881409962195,0.3017307920017629,0.025,0.4
2,QuadTree,e0.4 r0.025,10.65892116399482,0.0640155200017034,10.016179393998756,,,0.0027761649980675,0.4299449899990577,0.025,0.4
3,QuadTree,e0.4 r0.025,10.510276437998982,0.0847991170012392,9.9714741889984,,,0.0028946570018888,0.4293602739999187,0.025,0.4
4,QuadTree,e0.4 r0.025,10.316002277002552,0.0658013639986165,9.917434354996658,,,0.0029131500050425,0.3087703210039763,0.025,0.4
0,QuadTree,e1 r0.1,20.42035221099649,0.0602508169977227,19.765153464999457,,,0.0019557050036382,0.4256726840030751,0.1,1
1,QuadTree,e1 r0.1,20.51802977499756,0.0767106310013332,19.99091953100288,,,0.0020752860000357,0.4274160399945685,0.1,1
2,QuadTree,e1 r0.1,20.791808171998127,0.0621376009949017,20.405380730997425,,,0.0021633609940181,0.3008200830008718,0.1,1
3,QuadTree,e1 r0.1,20.69651750699996,0.2151355169989983,20.027953857003013,,,0.0022313939989544,0.4292621740023605,0.1,1
4,QuadTree,e1 r0.1,20.514385341004527,0.0628620969946496,20.00115355299932,,,0.0021616890007862,0.4266858949995367,0.1,1
0,QuadTree,e1.5 r0.025,27.54559293800412,0.2116093370059388,27.01150903999951,,,0.001112539001042,0.2964345759974094,0.025,1.5
1,QuadTree,e1.5 r0.025,27.478748585002904,0.1894071089991484,26.97249202500097,,,0.0011160020003444,0.2944779440003913,0.025,1.5
2,QuadTree,e1.5 r0.025,27.247209499000743,0.1887033860039082,26.726250314997746,,,0.0010724979947553,0.2906187609987682,0.025,1.5
3,QuadTree,e1.5 r0.025,27.533843543998955,0.2036961580015486,27.01615642000252,,,0.0010146719941985,0.2919016410014592,0.025,1.5
4,QuadTree,e1.5 r0.025,27.46422295299999,0.1914417219959432,26.95303462899756,,,0.0010273700027028,0.2970799489994533,0.025,1.5
0,QuadTree,e2 r0.025,27.935006436004187,0.2177651189995231,27.259759428001416,,,0.0009510119998594,0.3088028929996653,0.025,2
1,QuadTree,e2 r0.025,27.5180786580022,0.0672625430015614,26.992838036996545,,,0.0009240790022886,0.4351194449991453,0.025,2
2,QuadTree,e2 r0.025,27.78895120400557,0.0871196950029116,27.245840693998616,,,0.0009667880003689,0.4328647420043126,0.025,2
3,QuadTree,e2 r0.025,27.525765600999875,0.1914617680013179,27.002680128003703,,,0.0009477310013608,0.3086166029970627,0.025,2
4,QuadTree,e2 r0.025,27.74515317299665,0.2093924440050614,27.20442985599948,,,0.0010099439969053,0.3083255660021677,0.025,2
0,QuadTree,e0.8 r0.1,17.437005954001506,0.1890274170000339,16.8084375690014,,,0.0030411269981414,0.4150620940054068,0.1,0.8
1,QuadTree,e0.8 r0.1,17.3133302080023,0.0604304939988651,16.9248630400034,,,0.0027537239948287,0.2876118179992772,0.1,0.8
2,QuadTree,e0.8 r0.1,17.457876189997478,0.2026757669955259,16.81673534100264,,,0.0029278919973876,0.4146366580025642,0.1,0.8
3,QuadTree,e0.8 r0.1,17.50775384699955,0.0628233480019844,16.99950717700267,,,0.0029072779943817,0.4206836720040883,0.1,0.8
4,QuadTree,e0.8 r0.1,17.541790916002356,0.2143920000016805,17.010929680996924,,,0.0031399379950016,0.2899369439983275,0.1,0.8
0,QuadTree,e0.2 r0.4,3.911738788003277,0.185937924994505,3.31670208399737,,,0.1479199769964907,0.1127756499990937,0.4,0.2
1,QuadTree,e0.2 r0.4,3.810838519006211,0.0815453360046376,3.448135340004228,,,0.0243000139962532,0.2350193550009862,0.4,0.2
2,QuadTree,e0.2 r0.4,3.783832291002909,0.1894571980010369,3.313618563995988,,,0.0235663239946006,0.2351060270011657,0.4,0.2
3,QuadTree,e0.2 r0.4,3.92313614700106,0.0585444300013477,3.44466693099821,,,0.0227307669993024,0.2353516399962245,0.4,0.2
4,QuadTree,e0.2 r0.4,3.828911577002145,0.075642351002898,3.4742867839959217,,,0.022756261001632,0.2356154160006554,0.4,0.2
0,QuadTree,e2 r0.4,20.932262024995,0.1887915109982714,20.28913145200204,,,0.0007336050039157,0.4288375460018869,0.4,2
1,QuadTree,e2 r0.4,20.775133476003248,0.2092831219997606,20.249259718002577,,,0.0007634549983777,0.2935145559968077,0.4,2
2,QuadTree,e2 r0.4,20.956694911998056,0.1863836690026801,20.33007600699784,,,0.0007304680038942,0.4180940430014743,0.4,2
3,QuadTree,e2 r0.4,20.76971667199541,0.0858920649989158,20.24317261300166,,,0.0007870170011301,0.4181683030037675,0.4,2
4,QuadTree,e2 r0.4,20.71379756499664,0.0621553230012068,20.21144156299852,,,0.0007834900025045,0.2932484050033963,0.4,2
0,QuadTree,e2 r0.1,25.779512380999225,0.0601696509984321,25.27449231799983,,,0.0006924530025571,0.4035329449980054,0.1,2
1,QuadTree,e2 r0.1,26.050856405003287,0.077941039999132,25.67385308200028,,,0.0007212290001916,0.2771269280056003,0.1,2
2,QuadTree,e2 r0.1,26.011797794002632,0.1905394789937418,25.52170089800348,,,0.0007191389959189,0.2775465920058195,0.1,2
3,QuadTree,e2 r0.1,26.189486862000194,0.2173447070017573,25.54708363900136,,,0.0007907360050012,0.4029261839968967,0.1,2
4,QuadTree,e2 r0.1,25.81808494199504,0.063823621996562,25.44676031899872,,,0.000761078998039,0.2853457289966172,0.1,2
0,QuadTree,e0.6 r0.025,15.191899637997269,0.2136305809981422,14.537016890004452,,,0.0019067100001848,0.4170093939974322,0.025,0.6
1,QuadTree,e0.6 r0.025,14.989025164002667,0.0672102850003284,14.4780435749999,,,0.0017461080060456,0.4202095509972423,0.025,0.6
2,QuadTree,e0.6 r0.025,15.056347551995714,0.2076182710006833,14.533742258005075,,,0.0018380769979557,0.2912751500043669,0.025,0.6
3,QuadTree,e0.6 r0.025,14.995648399002675,0.2051178279943997,14.47249540300254,,,0.0017212050006492,0.2937782820008578,0.025,0.6
4,QuadTree,e0.6 r0.025,14.999843514000531,0.1924564139990252,14.49395443800313,,,0.0017380700010107,0.2905002530023921,0.025,0.6
0,QuadTree,e1.5 r0.1,25.499921374001133,0.2139232319968869,24.961940434994176,,,0.0011295820004306,0.3007313410053029,0.1,1.5
1,QuadTree,e1.5 r0.1,25.43346620900411,0.1918294319984852,24.795478054998966,,,0.0010916410028585,0.4237930360031896,0.1,1.5
2,QuadTree,e1.5 r0.1,25.513377832001424,0.0849270620019524,24.98448076999921,,,0.0011401349984225,0.4213675310020335,0.1,1.5
3,QuadTree,e1.5 r0.1,25.331637853996654,0.0634742360052769,24.94680385399988,,,0.0011001450038747,0.2988310619984986,0.1,1.5
4,QuadTree,e1.5 r0.1,25.6454322379941,0.0816386459991918,24.993827109996342,,,0.0011057360025006,0.2963789619971066,0.1,1.5
0,QuadTree,e0.4 r0.4,6.532389198000601,0.0758375669975066,6.021144112004549,,,0.1381266270036576,0.2723033869988285,0.4,0.4
1,QuadTree,e0.4 r0.4,6.714685730999918,0.0598349289939506,6.219265524996445,,,0.0126281220000237,0.2718408989967429,0.4,0.4
2,QuadTree,e0.4 r0.4,6.559599255997455,0.0864288369994028,6.16460154500237,,,0.0135608100026729,0.2725954490015283,0.4,0.4
3,QuadTree,e0.4 r0.4,6.535688121999556,0.1881890930017107,6.039468226001191,,,0.0124078290027682,0.273876344996097,0.4,0.4
4,QuadTree,e0.4 r0.4,6.676746311997704,0.210440306997043,6.034357805001491,,,0.0128594669949961,0.3976971439988119,0.4,0.4
0,QuadTree,e0.4 r0.1,9.543655391003997,0.0642228040014742,9.154901240995969,,,0.0050657399988267,0.2977371200031484,0.1,0.4
1,QuadTree,e0.4 r0.1,9.686875461004092,0.2114832439983729,9.02367841600062,,,0.0049419119968661,0.4246038009951007,0.1,0.4
2,QuadTree,e0.4 r0.1,9.552231380999729,0.0627226390060968,9.166480890002276,,,0.0051378240023041,0.2964743110060226,0.1,0.4
3,QuadTree,e0.4 r0.1,9.49979807499767,0.1857941139969625,8.976239339994208,,,0.0050208280008519,0.2967292800021823,0.1,0.4
4,QuadTree,e0.4 r0.1,9.551311260001969,0.2054274689944577,9.02333391799766,,,0.0048737730030552,0.2967566899969824,0.1,0.4
0,QuadTree,e0.8 r0.4,11.904951347998576,0.0615159709996078,11.255750381002144,,,0.0017124480000347,0.4387954659978277,0.4,0.8
1,QuadTree,e0.8 r0.4,12.095281674999567,0.0869097620015963,11.667833378000068,,,0.0017073619965231,0.317555394001829,0.4,0.8
2,QuadTree,e0.8 r0.4,11.97234806999768,0.0623770210004295,11.445339147998313,,,0.0016393909972975,0.3134784299982129,0.4,0.8
3,QuadTree,e0.8 r0.4,11.970226712001022,0.2065765170045779,11.302268458995968,,,0.0017746680023265,0.4382852879934944,0.4,0.8
4,QuadTree,e0.8 r0.4,11.969728380005108,0.1859409239987144,11.320048491004854,,,0.0018363609997322,0.4404622949950862,0.4,0.8
0,QuadTree,e1.5 r0.4,18.544745866995072,0.0577096299966797,18.159122750003007,,,0.0006678080026176,0.2893306210025912,0.4,1.5
1,QuadTree,e1.5 r0.4,18.71878665999975,0.2029298039997229,18.07987260200025,,,0.0006735060014761,0.4142477550049079,0.4,1.5
2,QuadTree,e1.5 r0.4,18.511920001001272,0.0618736530013848,18.13747474700358,,,0.00073932500527,0.2906540219992166,0.4,1.5
3,QuadTree,e1.5 r0.4,18.739290629004245,0.2178337430013925,18.081985775999783,,,0.0007750779986963,0.4165105530046276,0.4,1.5
4,QuadTree,e1.5 r0.4,18.719260493002366,0.0603142019972438,18.22360991199821,,,0.000745971003198,0.4133637740014819,0.4,1.5
0,QuadTree,e1 r0.4,14.260201990997302,0.0827741459943354,13.727586218003124,,,0.0009202259971061,0.4267082669975934,0.4,1
1,QuadTree,e1 r0.4,14.0894433450012,0.0617043429956538,13.708115794004698,,,0.0008340979984495,0.297389015002409,0.4,1
2,QuadTree,e1 r0.4,14.203017530999205,0.0578827569988789,13.680349691006995,,,0.0007915659953141,0.297771425000974,0.4,1
3,QuadTree,e1 r0.4,14.44794540500152,0.2093918899990967,13.795474133003154,,,0.0008252600018749,0.4211539980024099,0.4,1
4,QuadTree,e1 r0.4,14.25381392500276,0.060414056002628,13.748818937005126,,,0.000872058000823,0.4224788920037099,0.4,1
0,QuadTree,e0.2 r0.025,5.806756553000014,0.0884666700003435,5.247141375002684,,,0.1352158099980442,0.313580993002688,0.025,0.2
1,QuadTree,e0.2 r0.025,5.784621666003659,0.1903589790017577,5.252374403004069,,,0.0091907669993815,0.3110187409984064,0.025,0.2
2,QuadTree,e0.2 r0.025,5.933688988996437,0.0895675830033724,5.247352181999304,,,0.0089261180037283,0.440807015998871,0.025,0.2
3,QuadTree,e0.2 r0.025,5.76212372900045,0.065126142995723,5.228473440001835,,,0.0090489010035526,0.4382788439979777,0.025,0.2
4,QuadTree,e0.2 r0.025,5.8116275040010805,0.209607867996965,5.257821896004316,,,0.0090508669964037,0.3132202730048448,0.025,0.2
0,QuadTree,e0.6 r0.4,9.29861214399716,0.0759654650028096,8.767924382998899,,,0.0052704269983223,0.4279528790066251,0.4,0.6
1,QuadTree,e0.6 r0.4,9.45295342800091,0.0603887519973795,8.936334416001046,,,0.0052249950022087,0.3046947280017775,0.4,0.6
2,QuadTree,e0.6 r0.4,9.503749294002771,0.0848047850013244,8.9610450830005,,,0.005510574002983,0.3050723499982268,0.4,0.6
3,QuadTree,e0.6 r0.4,9.296492832996591,0.0635905860035563,8.777075507001427,,,0.0053590910029015,0.4288416029958171,0.4,0.6
4,QuadTree,e0.6 r0.4,9.311305854003876,0.2114156389943673,8.770633753003494,,,0.005429049997474,0.3023895289952634,0.4,0.6
0,Linear Query,e1 r0.025,36.91123819399945,0.0001501880033174,23.725582530001702,,,0.4428331789968069,12.720469885003697,0.025,1
1,Linear Query,e1 r0.025,36.29189896799653,0.0001273829984711,23.28356463900127,,,0.4463142230015364,12.541912111002604,0.025,1
2,Linear Query,e1 r0.025,36.44264611900144,0.0001178449965664,23.29215758400096,,,0.4372827629995299,12.567240395001136,0.025,1
3,Linear Query,e1 r0.025,36.33956505700189,0.0001299989962717,23.31388996799797,,,0.4347735060000559,12.570523141002925,0.025,1
4,Linear Query,e1 r0.025,36.41637394999998,0.0001198230020236,23.248141433003184,,,0.4431394519997411,12.704642058997706,0.025,1
0,Linear Query,e0.6 r0.1,37.102725181001006,0.0001298799979849,24.01903655400384,,,1.708736858003249,11.35447370300244,0.1,0.6
1,Linear Query,e0.6 r0.1,37.19833418499911,0.0001442800057702,23.84111643699725,,,1.7116296449967194,11.499599988004777,0.1,0.6
2,Linear Query,e0.6 r0.1,36.746760519003146,9.31980030145496e-05,23.667926923000778,,,1.5696087639953475,11.4793856230026,0.1,0.6
3,Linear Query,e0.6 r0.1,36.19627802999457,9.51999973040074e-05,23.22151149199636,,,1.559855820996745,11.395167898001093,0.1,0.6
4,Linear Query,e0.6 r0.1,36.248720727002365,8.971799979917705e-05,23.083544111003,,,1.6851165229963954,11.334034140003496,0.1,0.6
0,Linear Query,e0.2 r0.1,34.78685719599889,8.893199992598966e-05,23.015643938997528,,,2.770705434006232,8.980595379995066,0.1,0.2
1,Linear Query,e0.2 r0.1,34.812100871997245,9.33659975999035e-05,23.02207378899766,,,2.922423987001821,8.847950240997307,0.1,0.2
2,Linear Query,e0.2 r0.1,34.91393784200045,8.778899791650474e-05,23.182938574005675,,,2.7683669820035,8.94219808300113,0.1,0.2
3,Linear Query,e0.2 r0.1,34.58580300900212,8.415299816988409e-05,22.83885193899914,,,2.885368986993853,8.841957434997312,0.1,0.2
4,Linear Query,e0.2 r0.1,34.743399458995555,8.677799633005634e-05,22.968690369998512,,,2.9206346979990485,8.833548932998383,0.1,0.2
0,Linear Query,e0.8 r0.025,36.40095812600339,0.0001279960051761,23.152766733001044,,,0.3326361020008335,12.770058058995346,0.025,0.8
1,Linear Query,e0.8 r0.025,36.06578720499965,8.47470000735484e-05,22.82790861099784,,,0.4560679160058498,12.762235462003446,0.025,0.8
2,Linear Query,e0.8 r0.025,36.49830218299758,8.207499922718853e-05,23.245091499004047,,,0.4550283079952351,12.778814699995564,0.025,0.8
3,Linear Query,e0.8 r0.025,36.447926695000206,8.122500003082678e-05,23.19466350300354,,,0.3337992710003163,12.898112023001886,0.025,0.8
4,Linear Query,e0.8 r0.025,36.32762871500017,8.763399819144979e-05,23.03035602100136,,,0.461297536996426,12.81647612899542,0.025,0.8
0,Linear Query,e0.4 r0.025,36.687713079001696,8.580600115237758e-05,23.17720051199285,,,0.8128342390045873,12.678407820996654,0.025,0.4
1,Linear Query,e0.4 r0.025,36.335109348001424,8.460899698548019e-05,22.824630644005083,,,0.9338312149993726,12.556655470005351,0.025,0.4
2,Linear Query,e0.4 r0.025,36.88358774899825,9.805300214793532e-05,23.09102284099936,,,0.9348041080011172,12.587443388001702,0.025,0.4
3,Linear Query,e0.4 r0.025,36.57173723499727,9.0209003246855e-05,23.038927005000005,,,0.8036274929982028,12.707748491993698,0.025,0.4
4,Linear Query,e0.4 r0.025,36.70126545299718,9.337700612377375e-05,23.171698466001544,,,0.7990248249989236,12.710727899997435,0.025,0.4
0,Linear Query,e1 r0.1,33.31720679999853,8.539199916413054e-05,22.3240634160029,,,0.9144815289982944,10.059215167006188,0.1,1
1,Linear Query,e1 r0.1,33.51302200600185,8.866799907991663e-05,22.50824699600344,,,0.9193784379967838,10.064881112004514,0.1,1
2,Linear Query,e1 r0.1,33.491776290000416,8.51339937071316e-05,22.493287432000216,,,0.9135466160005308,10.065438411998912,0.1,1
3,Linear Query,e1 r0.1,33.689446806994965,8.301799971377477e-05,22.64578818699374,,,0.7898256720000063,10.234145775000798,0.1,1
4,Linear Query,e1 r0.1,33.80126746899623,8.045800495892763e-05,22.70363895300397,,,0.7909207880002214,10.285246220999396,0.1,1
0,Linear Query,e1.5 r0.025,35.74649296999996,8.661400352139026e-05,23.152013669001462,,,0.255930225001066,12.31911217200104,0.025,1.5
1,Linear Query,e1.5 r0.025,35.74404249800136,9.168899850919844e-05,23.01790288399934,,,0.2568387200008146,12.449556094004947,0.025,1.5
2,Linear Query,e1.5 r0.025,35.69380663999618,8.883800182957202e-05,23.021099691999552,,,0.254538118999335,12.398600045999046,0.025,1.5
3,Linear Query,e1.5 r0.025,35.83056418000342,8.328900003107265e-05,23.248548218005453,,,0.2592122600035509,12.30278026099404,0.025,1.5
4,Linear Query,e1.5 r0.025,35.891448595997645,8.477400115225464e-05,23.156428854003025,,,0.253615127003286,12.336548857994783,0.025,1.5
0,Linear Query,e2 r0.025,35.50042885599396,8.685699867783114e-05,23.26904290899984,,,0.0804776980003225,12.005996970001434,0.025,2
1,Linear Query,e2 r0.025,35.49836673399841,8.453099871985614e-05,23.0971295269992,,,0.2083920599980047,12.04713231200003,0.025,2
2,Linear Query,e2 r0.025,35.51672780399531,8.849800360621884e-05,23.28949621900392,,,0.2083869280031649,11.99873055399803,0.025,2
3,Linear Query,e2 r0.025,35.58979835599894,8.914300269680098e-05,23.312153486003808,,,0.2054318969967425,12.05224703100248,0.025,2
4,Linear Query,e2 r0.025,35.69261004799773,9.464000322623178e-05,23.4535800800004,,,0.209191344998544,12.00982888800354,0.025,2
0,Linear Query,e0.8 r0.1,36.20924394600297,8.240600436693057e-05,23.038540602996363,,,1.4053449590064702,11.617471235003904,0.1,0.8
1,Linear Query,e0.8 r0.1,36.02853435099678,7.996700151124969e-05,23.00670520499989,,,1.2844528280038503,11.717528779998249,0.1,0.8
2,Linear Query,e0.8 r0.1,36.04430096500437,7.661499694222584e-05,23.0448304330057,,,1.4148917350030388,11.564949766994689,0.1,0.8
3,Linear Query,e0.8 r0.1,36.24687395100045,8.21410067146644e-05,23.19573209399823,,,1.3019684070022777,11.729631293004786,0.1,0.8
4,Linear Query,e0.8 r0.1,36.04055653999967,8.735400479054078e-05,23.17299574099889,,,1.2857669459990575,11.562268230998598,0.1,0.8
0,Linear Query,e0.2 r0.4,31.688140010999632,8.656100544612855e-05,22.82365925200429,,,4.786165147001157,3.9330898920015898,0.4,0.2
1,Linear Query,e0.2 r0.4,31.54669988599926,8.186800550902262e-05,22.96436557900597,,,4.744737223001721,3.818215876999602,0.4,0.2
2,Linear Query,e0.2 r0.4,31.70816094599286,7.935399480629712e-05,22.96847593300481,,,4.771026341994002,3.9488703059978434,0.4,0.2
3,Linear Query,e0.2 r0.4,31.75394621599844,8.087999594863504e-05,23.04059147500084,,,4.892096306000894,3.801403139004833,0.4,0.2
4,Linear Query,e0.2 r0.4,31.53839160300413,7.975399785209447e-05,22.95879389599577,,,4.74297451399616,3.8166266760017606,0.4,0.2
0,Linear Query,e2 r0.4,28.46228578299633,8.376700134249404e-05,22.98350742899493,,,0.0004205200020805,5.458519210995291,0.4,2
1,Linear Query,e2 r0.4,28.71660034800152,7.739500142633915e-05,23.23019123300037,,,0.0004020199994556,5.46460639200086,0.4,2
2,Linear Query,e2 r0.4,28.3128238299978,7.88000033935532e-05,22.97010796700488,,,0.0004025910020573,5.32249999299529,0.4,2
3,Linear Query,e2 r0.4,28.469597493996844,8.167899795807898e-05,23.005520922997675,,,0.0003950469981646,5.443896727003448,0.4,2
4,Linear Query,e2 r0.4,28.688375352998264,8.066100417636335e-05,23.22882348900021,,,0.0003952590050175,5.312880903002224,0.4,2
0,Linear Query,e2 r0.1,28.10388210399833,8.038300438784063e-05,23.264778903998376,,,0.0038828010001452,4.815388154995162,0.1,2
1,Linear Query,e2 r0.1,28.16044991200033,8.481700206175447e-05,23.224103934000595,,,0.0039202819971251,4.91281141199579,0.1,2
2,Linear Query,e2 r0.1,28.26637204099825,8.482499833917245e-05,23.30874518700148,,,0.0040083690037135,4.9340059499954805,0.1,2
3,Linear Query,e2 r0.1,28.067550466003013,8.201300079235807e-05,23.230732957999862,,,0.0039469280018238,4.8129530110018095,0.1,2
4,Linear Query,e2 r0.1,28.20500468099636,9.84699945547618e-05,23.23835429199972,,,0.0039580019947607,4.94266808500106,0.1,2
0,Linear Query,e0.6 r0.025,36.7648768289946,7.901399658294395e-05,23.26592719600012,,,0.527967551999609,12.951523086005182,0.025,0.6
1,Linear Query,e0.6 r0.025,36.53193979800562,7.991900201886892e-05,23.18476060499961,,,0.5238430090030306,12.803973906004105,0.025,0.6
2,Linear Query,e0.6 r0.025,36.46465421000176,8.038500527618453e-05,23.15702159299689,,,0.524214914003096,12.763839238999935,0.025,0.6
3,Linear Query,e0.6 r0.025,36.78331809899828,9.38140001380816e-05,23.275918890998582,,,0.652181699006178,12.835003535998112,0.025,0.6
4,Linear Query,e0.6 r0.025,36.64727803799906,8.910000178730115e-05,23.15055871999357,,,0.5234766830035369,12.827863784004876,0.025,0.6
0,Linear Query,e1.5 r0.1,30.300396735001414,9.110300015890972e-05,23.088341784001383,,,0.2285882770011085,6.9642908349997015,0.1,1.5
1,Linear Query,e1.5 r0.1,30.20902091799508,0.0001026910031214,22.98924606999936,,,0.2290148350002709,6.970575054001529,0.1,1.5
2,Linear Query,e1.5 r0.1,30.296595503998105,9.848799527389927e-05,23.22499733500445,,,0.1050945509996381,6.946373593993485,0.1,1.5
3,Linear Query,e1.5 r0.1,30.275371438001457,9.166599920718e-05,23.18524280600104,,,0.1046467019987176,6.96621456900175,0.1,1.5
4,Linear Query,e1.5 r0.1,30.279051728000923,0.0001010749983834,23.1767719970012,,,0.2282445279997773,6.854652308000368,0.1,1.5
0,Linear Query,e0.4 r0.4,34.3831044489998,0.0001008499966701,22.814107881997188,,,4.017999445997702,7.279459872996085,0.4,0.4
1,Linear Query,e0.4 r0.4,34.114569657001994,8.694399730302393e-05,22.862543029994413,,,4.131912693999766,7.100927045001299,0.4,0.4
2,Linear Query,e0.4 r0.4,34.391880761999346,0.000164085002325,23.012635655999475,,,4.0190217239942285,7.090013981003722,0.4,0.4
3,Linear Query,e0.4 r0.4,34.10880340500444,8.972000068752095e-05,22.854584187996807,,,4.140154581000388,7.094798770995112,0.4,0.4
4,Linear Query,e0.4 r0.4,34.415692753005715,9.632199362386018e-05,23.057304762005515,,,4.0047313180039055,7.207853680003609,0.4,0.4
0,Linear Query,e0.4 r0.1,36.21921253899927,8.461799734504893e-05,23.21170920899749,,,1.851996917001088,11.010785765996845,0.1,0.4
1,Linear Query,e0.4 r0.1,36.002867911003705,8.967099711298943e-05,23.031734235999465,,,1.9739014450024115,10.851539364004566,0.1,0.4
2,Linear Query,e0.4 r0.1,36.03701088100206,9.593400318408384e-05,23.01376411399542,,,1.980009564998909,11.023885403999884,0.1,0.4
3,Linear Query,e0.4 r0.1,36.217554093003855,8.650899690110236e-05,23.223860237005283,,,1.982613747997675,10.99115880199679,0.1,0.4
4,Linear Query,e0.4 r0.1,36.04393431200151,8.588999480707571e-05,23.0590912560001,,,1.978882778006664,10.986457703002088,0.1,0.4
0,Linear Query,e0.8 r0.4,33.21997719800129,9.403099829796702e-05,23.032266580004944,,,0.4254368969995994,9.742407484998694,0.4,0.8
1,Linear Query,e0.8 r0.4,33.23373793599603,9.026900079334156e-05,23.04993392999313,,,0.4275061290027224,9.610757891001413,0.4,0.8
2,Linear Query,e0.8 r0.4,33.04903319299774,9.249799768440424e-05,22.998829595002466,,,0.3011891490023117,9.72923904700292,0.4,0.8
3,Linear Query,e0.8 r0.4,33.23282854599529,9.097400470636784e-05,23.035146823000105,,,0.4260900689987466,9.75244322999788,0.4,0.8
4,Linear Query,e0.8 r0.4,33.22976920400106,9.000900172395632e-05,23.01298376100021,,,0.2992868510045809,9.8967328860017,0.4,0.8
0,Linear Query,e1.5 r0.4,30.04666724199342,9.114800195675345e-05,23.028389161998348,,,0.0003951509934267,6.997190579000744,0.4,1.5
1,Linear Query,e1.5 r0.4,29.957771441993827,9.07499997993e-05,22.96640562500397,,,0.0004165499994996,6.971723304995976,0.4,1.5
2,Linear Query,e1.5 r0.4,30.01290642200184,8.658300066599622e-05,22.987715679999383,,,0.0004029190022265,7.005502113002876,0.4,1.5
3,Linear Query,e1.5 r0.4,29.99400397900172,8.877999789547175e-05,22.997693010998773,,,0.000413533001847,6.976585410004191,0.4,1.5
4,Linear Query,e1.5 r0.4,30.030312333001348,9.020799916470423e-05,23.02266674400016,,,0.0003891100059263,6.987885812006425,0.4,1.5
0,Linear Query,e1 r0.4,31.43345065299945,8.90380033524707e-05,22.50018557799922,,,0.0278502189976279,8.760674350996851,0.4,1
1,Linear Query,e1 r0.4,31.33582796099654,9.127800149144603e-05,22.362983017999795,,,0.1527544459968339,8.800705239002127,0.4,1
2,Linear Query,e1 r0.4,31.48405330099922,9.61620025918819e-05,22.505022314995585,,,0.1547743889968842,8.80502455199894,0.4,1
3,Linear Query,e1 r0.4,31.52487407300213,9.1733003500849e-05,22.67900451800233,,,0.0282327540044207,8.798146838998946,0.4,1
4,Linear Query,e1 r0.4,31.50789456900384,9.280799713451417e-05,22.64629712799797,,,0.0292919470011838,8.81277311300073,0.4,1
0,Linear Query,e0.2 r0.025,35.2207356949948,8.928299939725548e-05,22.95555569499993,,,1.9773897129998657,10.267909618996782,0.025,0.2
1,Linear Query,e0.2 r0.025,35.241900842003815,9.515800047665834e-05,23.00223312000162,,,1.9643390199998976,10.254161809003564,0.025,0.2
2,Linear Query,e0.2 r0.025,35.296042699999816,8.888100273907185e-05,23.03264633600338,,,1.9611147639952835,10.28241330999299,0.025,0.2
3,Linear Query,e0.2 r0.025,35.22401998099667,0.0001090130026568,22.99986490399897,,,1.959546444006264,10.243918647996908,0.025,0.2
4,Linear Query,e0.2 r0.025,35.235929014997964,8.863399852998555e-05,22.98720062000212,,,1.969867712999985,10.259569230001944,0.025,0.2
0,Linear Query,e0.6 r0.4,35.99799695399997,8.66880000103265e-05,23.18761318599718,,,1.7495690189971356,11.041630851002992,0.4,0.6
1,Linear Query,e0.6 r0.4,36.015629697001714,9.037699783220889e-05,23.194616420994866,,,1.7530076409966568,11.046446895001282,0.4,0.6
2,Linear Query,e0.6 r0.4,36.17025415699754,8.786999387666583e-05,23.210373389003507,,,1.7469605009973748,11.067604629002744,0.4,0.6
3,Linear Query,e0.6 r0.4,36.049651838999125,9.494899859419093e-05,23.24397093999869,,,1.7557499560061842,11.030622885999035,0.4,0.6
4,Linear Query,e0.6 r0.4,35.996266908005055,8.487499871989712e-05,23.193436460998782,,,1.7450578970019706,11.03837490099977,0.4,0.6
